Labels,statements,
drug,Try ganja,
not drug,It was nice day,
drug,Who would you share this with?,
drug,Travel capsule,
drug,Name this cake Follow @weedgirls for more,
drug,What a beauty weed plant,
drug,"Dm me if you need shrooms,weed and seeds serious dealers only carts available too",
drug,"Ready,set,smoke",
drug,"carts, weed, pills,powder, Crystal and oils available at wholesale prices. u want some ??",
drug,All I need in life <3 smokeweedeveryday,
drug,Something to carry with you at all times.,
drug,want a roll ? #chileweed,
drug,Looks like icecream @weeddaily,
drug,Ed Rosental Super Bud @edrosenthal420@official.sensiseeds#breederboy #ganja #ganjagirl#420 #420life #710 #cannabismagazine #stgoverde #cali,
drug,Smokin out the phonies @420#ganja,
drug,Can you spot the  #bcbud #cannabis,
drug,I just smoke weed,
drug,How do you feel about cannabis in the bedroom? ,
not drug,stop drugs,
drug,Sour kush (left) Canucks cookies (right ) Flowering week 4 ,
drug,The weed hit different when you grow it yourself,
drug,"Get your Tuesday GRIND on with our Sativa Hybrid favorite - the tasty Surf City OG fire. Put yourself next level with a drop of our 100% cannabis extracted terpenes, all organically cultivated. ",
drug,"The last time I saw somebody purposely turn ganja gold was in Switzerland when we had to claim our plants as ""ornamental"" to allow them at the cannabis convention there.",
drug,future plan ganja farm,
not drug,beautyful Sunday,
not drug,inner beauty is better than makeups,
drug,"""Herb is the healing of a nation, alcohol is the destruction."" Bob Marley ",
drug,The need for speed #Amphetamines#adderall #addies #30mg #amphetamine #amphetamines #levoamphetamine #dextroamphetamine #amphetaminesalts #amphetaminesulphate #stimulant #stimulants ,
drug,Have you taken or are you On #prozac #ritalin #zoloft #paxil #celexa #amphetaminesalts or any other drugs . Contact me if you want,
drug,Dexedrine.. Ending today with a nice blunt of my purple nugget #DexedrineTomorrow,
drug,how to smoke weed in public?,
drug,Follow @gnjgng for more stuff!  #hearts,
drug,#LA turnaround,
drug,I have a bag with 7 g's in it. How much would you reccomend for one person to do?,
drug,Good looking bud... ???? Come share and review it on MjMaryjane the cannabis social app ,
drug,#hydroju comment / tag anytime (bud)dies & care for cannabis #uppers# cannabis#weed#kush#maryjane#stoner#sativa,
drug,"weed face mask, my bffs#black beauties",
drug,Peace + Serenity = Freedom! Mary Jane Runway bling queen swimsuit with matching crystal kimono.Shop maryjanerunway.com,
drug,What’s your favourite strain to smoke?,
drug,how to make rolling easy ? #Amped#weed ,
drug,"I actually need this lol.. Also rolls blunts,joints,Ampers,backwoods,swishers,dutches,and more. EzRollerz.com ",
drug,do you need a bag of acid trips Blotting paper impregnated with the  L.S.D. ??,
drug,Like if you'd rather smoke weed instead of drink alcohol,
drug,what're your thoughts on cannabis coke?! #Cartwheels#weed,
drug,when your dealer has a new strain for you to try #Blue Mollies#superstoner,
drug,Name this strain #Black Mollies#weedpron,
drug,speed is a super drug. Must try,
drug,Jelly Beans babies.. Only cost me $2.99; bargain!,
drug,can't wait to make a big huge pot full of Super Jellies,
drug,"Friday blunt : Dexy, amnesialemonS",
drug,CANNABINOIDS Getting ready to transplant and move them to bigger space,
drug,I have a marijuana bag with 7 g's in it. How much would you reccomend for one person to do?,
drug,Cannabis is such a wonderful plant #Blunt #cannabiscommunity,
drug,I love OG kush #dope #cannabin,
drug,me spending money on ganja B80 ,
drug,please visit our website and see what we got  available. www.calicannacare.in.nf  #grass#ganjagirls #smokeweedeveryday #puffpuffpass #ogkush #kush #purplehaze #haze #smokeweed,
drug,#ThrowbackThursday to the picture perfect 24k gold joints I rolled for the 4th of July! #joints#goldjoint,
drug,Roll a joint and smoke it,
drug,Tasty herbs #medicalmarijuana #marijuana #frostynugs #freshHerb #flower #herb #maryjane #sugarherb #GG4 #gorillaGlue4 #thc #thca #cbd#bud ,
drug,Good night Mary Jane  stay blazed have a wonderful weekend it’s almost Friday put the stresses behind ???? #maryjane #goodnight #weedporn#Mary Jane,
drug,Pine X - Pineapple Express x Cali Orange Bud  make this delicious lemony scented fuel  filled bud. Ready to please your pallette in every way imaginable. Go follow our other page please ?? @cannabisstation.co,
drug,"Get you a man whole rolls you, your own blunt  #nugs #stonergirls #stoner #weedporn #stoned #smoke #weed #bud #perfectroll #maryjane #glasspieces #reefer",
drug,go green roll smoke ,
drug,your favorite weed store ?? #weedlove #trees #weedgirls,
drug,Plugged in more than a hybrid  #blazeitfoo #rollup  #cannabis #weed #cannabiscommunity #marijuana #ganja #maryjane #kush #high #smokeweedeveryday #smokeweed #dabs #joint #cbd ,
drug,sinsemilla seed cultivate #sinsemilla#cannabiscommunity,
drug, 1 free spliff for a full bucket trash…,
drug,skunk,
drug,The only boyfriend we need is weed,
drug,HASHISH  rugs + raves = horrible hangover,
drug,Boom,
drug,gangster,
drug,"hash  Puf, puf, pass ",
drug,"flying high with my SK running strong, lol l'm saving money and making money at the same time #cannabiscup",
drug,Cocaine party mood on #drugs #cocainegirls,
drug,Cocaine hydrochloride,
drug,blow,
drug, bump,
drug,Throwback to me figuring out how to roll a blunt thanks to @joeyjayping at a satori party last year. .#recreational420 #recreationalmarijuana,
drug,candy ,
drug,Charlie,
drug,drinking a can of coke??,
drug,crack,
drug,"Size small, rock and roll! #weed #420 #weedporn #weeds#rock",
drug,my little piece of weed #weedlove#BASE,
drug,flake ,
drug,rock,
drug,Some sweet Afghan hash I picked up today ,
drug,toot,
drug,Crystal Meth,
drug,Desoxyn: meth,
drug,2 dollar make that weed jar stronger ,
drug,"bug,ganja,mary jane,herb,weed,marijuana,dope,hemp,flower,grass,dank,reefer,caronic,hashish,kush,pot all these names for cannabis which one do you use the most... i say bud the most ,probably just a brummie thing",
drug,"chalk,",
drug,Beautiful Fast Eddy CBD strain from Royal Queen Seeds. #royalqueenseeds #growgreen #420daily #maryjane #igrowcan,
drug,so what we smoke weed we're just having fun.,
drug,"Smell Proof Bags Keep in the oils, moisture and freshness! Triple the amount of time your goods stay fresh and potent! Get a 50 pack here or click the profile -> https://amzn.to/2ShPlVx",
drug,"go fast,",
drug,MDMA (METHYLENEDIOXYMETHAMPHETAMINE),
drug,Ecstasy,
drug,Adam, 
drug,clarity,
drug,Hug drug is like real hug,
drug,"dot beans??@fastbuds_genetics has so many great strains I had to just go on a shopping spree! Pineapple Express, BlueDreamatic, StarDawg, Smoothie, gorilla glue and more! I also have a few strains left over from ",
drug,"The sun is up and it's supposed to be burning hot! I'm hurting today. ??? I pushed too hard yesterday but, my garden looks great.  So, today I will just chill and recover... with lots of weed and coffee",
drug,My baby rolled 50 joints for my 50th Birthday tomorrow!! I can't believe it,
drug,blunts are the best in the morning ,
drug,Eve,
drug,lovers' speed,
drug,Molly,
drug,peace,
drug,uppers,
drug,GHB/GBH,
drug,"Little sis picked up some budColor Cannabis, good flower company. Clean, tastey, good quality bud and you get what you paid for. Not ripped off with the humidity pack being weighed into the 3.5g like Edison company#maryjane #legalbudz #flowerpower #weed",
drug,Gamma-hydroxybutyrate ,
drug,Georgia home boy ,
drug,grievous bodily harm,
drug,liquid ecstasy,
drug,My type of joints #bigjoint #fatjoint #jointsmoker #creativerolling,
drug,nitro,
drug,scoop,
drug,gib,
drug,goop,
drug,liquid X,
drug,Liquid E ,
drug,FLUNITRAZEPAM,
drug,Rohypnol (date rape drug),
drug,forget-me pill,
drug,Mexican Valium,
drug,do you want hash?? lets light it up,
drug,roach ,
drug,Roche,
drug,roofies,
drug,roofinol,
drug,ro+B27pe,
drug,rophies,
drug,HEROIN injection is giving such a magic feel,
drug,Early Morning On My Marley Vibe  #Diacetylmorphine#indica #sativa #hightimes #thc #smokeweedeveryday #marijuana #maryjane #dank #kush #party,
drug,smack,
drug,Gorilla Glue x Strawberry Banana Definitely on the Menue! #horse#drugsworld#hash #rosin #hashoil #indica,
drug,brown sugar is awesome drug,
drug,My niggas be ready for another drop off.. #moonrock #canabis #canabisclub #canabissociety #canabisculture#dope,
drug,"joints the best, rollup #ganja #cannabis",
drug,Nice ladies in the room ?? Come share about cannabis with the community on MjMaryjane the cannabis social app #junk,
drug,smoking during drugs sesh #skag#druglife,
drug,moke Sesh while the sun sets .When is your favorite time of day to smoke?#weedporn #smoke #cannabis #gravlabs ,
drug,white horse,
drug,China white,
drug,cheese,
drug,Smack ,
drug,gear,
drug,Check us out Times Square...Don’t be shy come get HIGH!! #weedworldcandies,
drug,Laudanu,
drug,paregoric: big O,
drug,black stuff,
drug,Thanks @marijuana_sa for my giveaway and also for supplying me with all the goodies I need to grow my own homegrown bud???? check out their live podcasts every Friday at 6:30 PM to win your own prize.#marijuana #weed #ganjagirls,
drug,gum,
drug,hop,
drug,KETAMINE,
drug,Ketalar SV: cat Valium,
drug,LSD Party night… come and enjoy,
drug,LSD tripping mind on,
drug,"Lysergic acid diethylamide are available , contact ",
drug,acid LSD 1kg .. Anyone need ? ,
drug,blotter,
drug,cubes,
drug,microdot,
drug,yellow sunshine ,
drug,blue heaven,
drug,PSILOCYBIN,
drug,Magic mushrooms are the real magic ,
drug,purple passion,
drug,I'm doing shrooms for the first time with some friends. Just checking to make sure these look right. They are also really dry.,
drug,Strain name: GMO Currently curled up on one of my porch chairs enjoying this bomb ass weed and enjoying this typical Washington rainy weather #little smoke ,
drug,Raise your hand if you'd rather be smoking weed right now. Double  tap if you agree,
drug,#ganjagirls need ganja,
drug,Thats good to see. Follow me to get some weed #cactus,
drug,i literally only smoke blunts now #weed #cannabis #cannabiscommunity #weedporn#mesc,
drug,Homemade Moonrocks #peyote#Weedstagram #Cannabis #Stoned #HASH #Hashporn #Weedporn #Maryjane #Weed #BONG #California #Fattanza #OfficialFattone #Fattone #Ilfattonesultubo #Amsterdam #Stonedlife #StayHigh  #LegalizeCannabis #Rosin #Meme #Pot #Psychedelic #HIGH #Legalization #Legalize #DAB #Moonrock #LegalizeCannabis #Freeweed #420 #420girls.,
drug,Prozac ,
not drug,"good morning, have a nice day",
not drug,I love you more than me,
not drug,successfully completed degree,
not drug,"when things change inside you, things change around you",
not drug,chill with cousins,
not drug,A human being without a friend is like a tree in a desert.,
not drug,"Your loss, babe.",
not drug,Let’s just be who we really are.,
not drug,Life is short to wear cute shoes.,
not drug,Do what makes your soul shine.,
not drug,Life is way to short for bad vibes.,
not drug,"When nature is your home, you don’t visit it.",
not drug,You make my heart smile.,
not drug,Namastay in bed,
not drug,"A true friend sees the first tear, catches the second, and  stops the third.",
not drug,If you listen carefully then the earth has a lot of music for you in store,
not drug,You can only find yourself once you get lost in nature.,
not drug,"Life is like a mirror, we get the best results when we smile.",
not drug,Smile. Why? Because you can,
not drug,Who says I never smile in my selfie?,
not drug,Keep the Smile On!,
not drug,Be a nice human,
not drug,New haircut plus getting ready for work,
not drug,"Dream without fear, Love without Limits",
not drug,"Be Happy, Be Bright, Be You.",
not drug,Don’t forget to be Awesome,
not drug,Every moment is a fresh beginning.,
not drug,I feel like making dreams come true.,
not drug,Different but Best Friends.,
not drug,"Life happens, coffee helps",
not drug,Thanks for all your supports,
not drug,Life is better when you’re laughing,
not drug,tag a friend who’d love this t-shirt.,
not drug,What do you think of this look?,
not drug,"Whatever is good for your soul, do that",
not drug,Stress less and enjoy the best,
not drug,Vodka may not be the answer but it’s worth a shot,
not drug,"I don’t always take a selfie, but when I do…",
not drug,Couldn’t be happier ,
not drug,Do whatever makes you happiest,
drug,"When you smoke the herb, it reveals you to yourself. ",
not drug,you are mine ,
not drug,I will see you soon,
not drug,"Can’t hear, can’t speak, can’t see",
not drug,When daydreams become reality,
not drug,The impossible is now possible,
not drug,Just the two of us,
not drug,"He’s my King, I’m his Queen",
not drug,We are totally #couplegoals,
not drug,"My world, my heart, my everything",
not drug,I would never let my best friend do anything stupid…alone,
not drug,How gorgeous is this?,
not drug,Miss me?,
not drug,What time is it?,
not drug,How can I help you?,
not drug,That’s disgusting and it is bad for you,
drug,"rolls joints with rolling papers, take a puff ",
drug,"gas lorde & shatter joint !! Wow that's crazy lol this bud is already extra terpy and potent, with that shatter roll it's just killer check out this weeks promo's and discounts use ""HOVERBOARD"" before checking out ",
drug,NICE SIMPLE WATERMELON FLAVOUR PACKER WITH WEED LEAF ROACH,
drug,One 10g joint coming up@the_drunk_sloth_#weedporn #weed #weedfamily#cannabiscommunity #cannabis,
not drug,journey starts with family,
not drug,exam preparation with friends.. Time to study.. Counton begins,
not drug,I take lots of the for this canvas painting.. but enjoy the every moments,
not drug,Doggy is so lucky.,
not drug,The best view comes after the hardest climb.,
not drug,"Sunsets are sad, beautifully sad",
not drug,Morning runs down at the beach ,
not drug,beautiful sky,
not drug,happiness in the little things,
not drug,A dog is so beatiful and cute,
not drug,Wish you a beautiful and productive day!,
not drug,"Hey there. Cool pics  If you're interested, you can follow my journey as a professional mountain athlete ????",
not drug,"Watch the sunset right from the tree house or show your kids , nature can be more fun than gadgets.",
not drug,"Time is needed for good time.To enjoy good time you need an eye that is astonished, an ear that listens and a brain that marvels.",
not drug,Dark night rises #rainclouds #clouds #sky#photography ,
not drug,Happiness begins with you,
not drug,Stay Away From Those People Who Only Talk To You When They Need You..,
not drug,Contemplating in the morning sun #africa ,
not drug,What is you favourite flowers?,
not drug,I sometimes get the feeling that I just want to get lost.,
not drug,Exploring Australia through its country side--shepperton ,
not drug,"My little plants are coming along nicely, cuttings of grapefruit mint, ready to root and repot very soon, even the orange potted plant has managed to flower again  #plants #mint #flowers#nature #life",
not drug,I’m a true beachholic!,
not drug,Day 3  first time on the course ,
not drug,A nice day is coming to an end! #carpfishing #carp#fishing #carpy #nature,
not drug,"Evening lake""Oil on canvas. 2019 76 X 60cm DM for inquiries.",
not drug,Waterfalls and cristal clear water all the elements for epic FPV shoots enjoy,
not drug,"""No one ever notice your sadness, pain, tears... They only notice your mistakes"" ",
not drug,Visiting Death Valley couple year back with the White Mustang,
not drug,"Love the #winter here in Cape Town, Beautiful #storm building over False Bay last week ...",
not drug,"Darkness taking over and the birds running for cover""",
not drug,What a beautiful morning #running #barcelona#sunrise #beauty #nature #morning,
not drug,Keep moving forward it’s going to be OK wonderful things are heading your way Flower in the park “plumeria”Happy Thursday ,
not drug,Just around the river bend,
not drug,Lake swims are the best swims!,
not drug,Mother nature has the best box of crayons. Follow for the best features daily ,
not drug,It doesn’t matter if you don’t have ideas but can come up with great photos. ,
not drug,good evening guys,
not drug,Mother Nature is a self-taught engineer. ,
drug,1Kg Ganga available. Contact ,
not drug,when it rains !! All the windows of nature are just open!!,
not drug,The nature is just cleaning itself!! And life is again start to boom!! Do follow and share ,
not drug,"Being along has a power, that very few people can handle..",
not drug,Wow! Looking damn good.,
not drug,Wow wonderful,
not drug,"Those who wish to sing, always find a song ",
not drug,You made some good dough ,
not drug,"Woke up tired as hell, still going to zumba class..by forced ",
not drug,music is my life,
not drug,"just dance, its makes you better",
not drug,"Learn, speak and love English ",
not drug,Do you want someone to put more effort into something??,
not drug,Use this expression to tell them! ,
not drug,Would you like to fly like a bird or run as fast as a cheetah? ?,
not drug,"Given a choice, which animal would you like to be? ?",
not drug,Let’s talk about it!,
not drug,The king of the sky! A good choice!,
not drug,keep your head up,
not drug,What is your favorite eye color? ,
drug,Top 100 nick names for marijuana according to Jimmy Fallons audience. What’s your go to name for our stinky sticky little friend? #sacramentoweed #marijuana #weed#maryjane #ganja,
not drug,Hello guys hello hello  hello hello  hello hello  hello hello  hello hello ,
not drug,hello,
not drug,hi hi hi hi hi hello hello hello good morning ,
not drug,happy onam to all,
drug,blunts are my fave #weedporn #maryjane#girlsthatsmoke #weedmom#marijuanas #blunt #420girls#420blazeit,
drug,What do you think about the actions of marijuana??? COMMENT??,
drug,We took a trip to garden grove #weed #cannabis #marijuana #cannabiscommunity #weedporn #thc #cbd #stoner #weedstagram #kush #cannabisculture #hightimes #ganja #maryjane #smoke #life #highlife #indica #sativa #dank #high #dabs #highsociety #stoned #medicalmarijuana #smokeweedeveryday #bud #joint #pot #bhfyp,
drug,Well a late run to @naturesmedicines.phoenix always does the trick. Especially with this SUPER ?? Wedding Pie and some carts (Skywalker OG and NYC Diesel). Yup this night will end well. Stay lit.,
not drug,I Agree To The Terms & Conditions,
not drug,its my project,
drug,First test-bud from the random OG Kush seed drying ?? hoping the drying process will go well enough in this cold ?????????#weed #marijuana #cannabis #dagga#ganja #pot #maryjane ,
drug,cannabis right advocate learning cultivation,
drug,Nothing says sweet dreams like a lil weed and whiskey to accompany a late night bath before bed ???? #weedandwhiskey #hottottie,
drug,just transplanted my Animal Cookies - Day 15 #weed #cannabis #marijuana,
drug,Tap in For The 15 mg addys ?????? #adderall#amphetaminesalts,
drug,moke green in the green #chapel @stashbox.in@herbboxfam@babajeethesmokeshop #stonerindia#smokingweed #weed #weedporn#weedlovers #weed?? #smoker #pipe#pipelover #bong #bonglife#bongappetit #bongsforsale #highlife#weedlife ????,
drug,wakenbake uno how we do????????#sherbz to start the day off #wakenbake #instanugs,
drug,"Like, oh the weed is gone #stonerhumorx #stonerdaily #420#smoke #cannabis #marijuana#cannabiscommunity",
drug,Welcome to WEED WORLD #weedworldcandies,
